headlines,outcome
 Pfizer s COVID 19 Vaccine DOES Lower Men s Sperm Count,Misinformation
 With the vaccine against Covid 19  there is no longer any need to put the right to abortion in the Constitution,Misinformation
 With the vaccine against Covid 19  there is no longer any need to put the right to abortion in the Constitution,Misinformation
20% of human volunteers for the test for a COVID 19 vaccine developed by Moderna have suffered serious adverse effects,Misinformation
21 people died in Lagos igeria fter getting a COVID 19 vaccine,Misinformation
7 kids died in Senegal right after receiving the vaccine for the coronavirus,Misinformation
A big difference. We are using a new type of mRNA vaccine that instructs our cells to manufacture only the spike protein of the COVID 19 virus  the toxic part . They claim that it stays in arm  it has been shown that it can travel all around our bodies and cause problems.,Misinformation
A bovine coronavirus vaccine or cattle s proof that the novel coronavirus isn t  new  and is evidence of  how much the media controls people,Misinformation
A bovine vaccine can be used to inoculate people against coronavirus,Misinformation
A canine coronavirus vaccine shows that  something is wrong  in how we are talking about the novel coronavirus,Misinformation
A convoy carrying vaccines against COVID 19 in South Africa was attacked in the streets,Misinformation
A coronavirus vaccine for cows shows that the virus behind the current outbreak is not new,Misinformation
A coronavirus vaccine was patented in 2004,Misinformation
A COVID vaccine was developed in Naigaon n the state of Assam  India ,Misinformation
A Cuban vaccine cured 1 500 people infected with the new coronavirus,Misinformation
A doctor named Lupita Yamamoto Lupercio found the coronavirus vaccine,Misinformation
A doctor named Lupita Yamamoto Lupercio found the coronavirus vaccine,Misinformation
A dog vaccine can be used against coronavirus in people,Misinformation
A dog vaccine can be used against coronavirus in people,Misinformation
A Facebook page uploaded an interview with a man who supposedly got cured of COVID 19 through salt water steam inhalation therapy nd told readers the answer is  not a vaccine but salt,Misinformation
A Facebook post asserts the U S  developed a COVID 19 vaccine to release this Sunday,Misinformation
A Facebook post claimed that Bill Gates says there will be no public/mass gatherings in the light of COVID 19 pandemic until everyone is vaccinated,Misinformation
A Facebook post claiming that the  50 million people  who died during the second wave of the Spanish flu  1918  had just got a vaccine  The post compares this situation with the new coronavirus nd warns people against getting a vaccine for Covid 19 when it will be ready,Misinformation
A Facebook post claiming that the  50 million people  who died during the second wave of the Spanish flu  1918  had just got a vaccine  The post compares this situation with the new coronavirus nd warns people against getting a vaccine for Covid 19 when it will be ready,Misinformation
A Facebook post shared thousands of times claims seven children died in Senegal after being given a COVID 19 vaccine,Misinformation
A Facebook post which would list the ingredients for the Covid 19 vaccine,Misinformation
A Facebook publication ensures that  there is a new generation of genetic vaccines ready to be inoculated in the world population,Misinformation
A Filipino scientist has produced a vaccine for COVID 19,Misinformation
A French doctor is quoted as saying that US billionaire Bill Gates wants to sell a COVID 19 vaccine in Africa ut it s poisonous and will  destroy  Africa,Misinformation
A graph that correlates greater vaccination against influenza in those over 65 years of age and a higher mortality rate compared to COVID 19,Misinformation
A man claims his dog was vaccinated for coronavirus hus the SARS Cov 2 is not really a new virus,Misinformation
A message accompanied by a photo of a poster from the Government delegation in Navarra pain tating  international vaccination center   According to the message that is circulating   these  International Vaccination  posters are beginning to be placed in government delegations t will be the protocol of the new normal  after the quarantine of the coronavirus  It also says that the virus  was only an excuse to get us a mRNA  genetic software  vaccine synchronized to a digital identity,Misinformation
A message sent by WhatsApp states that the Ministry of Defense of China has announced that it has  successfully  developed a vaccine against the new coronavirus hich causes COVID 19 disease  Portugal would receive the first doses in a few days,Misinformation
A new vaccine that can cure COVID 19 patients in 3 hours is now ready,Misinformation
A new vaccine to cure coronavirus has been developed by U S  scientists,Misinformation
A news article claims 30% of Ukrainian patients who participated in an American COVID 19 vaccine trial died  The test took place in the area of Lugansk n Ukrainian separatist region,Misinformation
A nurse working in the US informs Ivorian citizens that their government is misleading them isguising vaccines centers into testing centers against COVID 19,Misinformation
A Pentagon study found that people who get the flu vaccine are 36% more likely to get COVID 19,Misinformation
A photo of a dog vaccine against coronavirus is shared as proof that the virus existed 20 years ago,Misinformation
A photo shows a 19 year old vaccine for canine coronavirus that could be used to prevent the new coronavirus causing COVID 19,Misinformation
A photo shows a COVID 19 vaccine that can cure a patient in three hours,Misinformation
A photograph taken in 2001 shows a vaccine for coronavirus,Misinformation
A picture claiming that  Bill Gates  vaccines  would have paralyzed 496k children in India,Misinformation
A picture shows  Mar ? Asunci ? Del Refugio Dom ?guez  scientist who graduated with honors  It is very likely that she has discovered a vaccine for COVID n her arduous investigation he was infected with the virus,Misinformation
A picture taken in Colombia which shows a girl who fainted  The caption claims that the vaccine for COVID 19 is starting to be distributed in poorer countries ut 200 girls fainted after the injection,Misinformation
A picture with a quote attributed to Bill Gates tating   The vaccine won t be safe ut let s get it out quickly anyway nd worry about the consequences later,Misinformation
A post against vaccines and a future coronavirus vaccine shows the Prime minister of Australia pretending to get a vaccine but not actually getting it,Misinformation
A post claims a COVID 19 vaccine has already been developed and will cause widespread infertility,Misinformation
A post claims a COVID 19 vaccine has already been developed and will cause widespread infertility,Misinformation
A post claims compulsory vacination violates the principles of bioethics hat coronavirus doesnt exist hat the PCR test returns many false positives nd that influenza vaccine is related to COVID 19,Misinformation
A post says that a vaccine for the new coronavirus will be available in a few days,Misinformation
A post says that Barack Obama warned Africans not to accept European or American vaccines,Misinformation
A post says that the flu vaccine increases the risk of being infected with COVID 19,Misinformation
A post shared hundreds of times on Facebook claims that Didier Raoult  French specialist in infectious diseases s urging Africans  not to take Bill Gates vaccine  against coronavirus as it contains  poison,Misinformation
A post shared on Facebook and WhatsApp claims that China has sent COVID 19 vaccines to Burundi,Misinformation
A publication claims that Bill and Melinda Gates didn t vaccine their kids,Misinformation
A report circulating in Sri Lanka claims that a COVID 19 vaccine trial at the University of Oxford in England has been  successful   The purported news article hich has been shared repeatedly on Facebook tates 72 out of 100 COVID 19 patients recovered from the virus after receiving the vaccine,Misinformation
A Saudi Arabian study for a MERS vaccine is linked to the outbreak of coronavirus,Misinformation
A short portion of an interview given by discredited researcher Judy Mikovits n which she claims that a vaccine for COVID 19 will be deadly arns against immunization nd advocates for a five year moratorium to test all vaccines as been watched tens of thousands of times on YouTube and Facebook,Misinformation
A story saying that in Italy no non European citizens have been infected because they had the vaccine for tubercolosis,Misinformation
A team of experts and scientists from the Faculty of Medicine in Rabat announce that a vaccine for Covid 19 is coming soon,Misinformation
A team of medical trainees from JKUAT  a university in Kenya  have developed and tested a vaccine successfully,Misinformation
A television news report about a US biotech company runs alongside a claim that the company successfully created a vaccine for the COVID 19 within  three hours,Misinformation
A train carrying vaccines with the inscription  COVID 19,Misinformation
A tweet by Pakistani journalist Saadia Afzaal claiming that China has developed a COVID 19 vaccine,Misinformation
A Twitter post titled  Sakam da kazam    July 15 Elections Will Be Used for Vaccinating Voters Through the Project of Bill and Melinda Gates,Misinformation
A vaccine against coronavirus was developed,Misinformation
A vaccine for coronavirus has been found,Misinformation
A vaccine for coronavirus was available since 2001,Misinformation
A vaccine for coronavirus was made in 2001,Misinformation
A vaccine for the 2019 novel coronavirus has been found and there will be no more deaths due to the coronavirus,Misinformation
A vaccine for the coronavirus was being trialled in January 2020 days before the outbreak,Misinformation
A vaccine for the novel coronavirus was available as early as 2001,Misinformation
A vaccine test volunteer became sick and was censored by media,Misinformation
A vaccine that cures COVID 19 in three hours will be released next Sunday ccording to President Donald Trump  Roche has already produced millions of those vaccines,Misinformation
A video claims that Bill Gates made a presentation to the CIA on COVID 19 vaccines for modifying the brain of religious fanatics,Misinformation
A video has been viewed tens of thousands of times in multiple posts on YouTube acebook and Twitter which claim it shows US infectious disease expert Dr  Anthony Fauci admitting vaccines are  toxic  and can  make you worse  during a press conference about the novel coronavirus,Misinformation
A video of hot mic comments between a Fox News reporter and a New York Times photographer reveals that COVID 19 is a hoax and proves that there is a secret vaccine,Misinformation
A video of Italian politician Sara Cunial blasting Bill Gates as a  vaccine criminal  in speeches to parliament has been viewed tens of thousands of times on Facebook and YouTube,Misinformation
A video of US President Donald Trump and a top US pharmaceutical executive speaking at a press conference has been viewed thousands of times in multiple Facebook witter and YouTube posts alongside a claim that it shows them announcing a vaccine for the novel coronavirus OVID 19 as  ready  to be administered,Misinformation
A video of White House briefing suggesting Donald Trump and his gang all vaccinated,Misinformation
A video on Youtube claims that European Commission s implementing regulation  EU  2020/666 gives ways to implant microchips to humans in the EU  The theory is linked to mass vaccination that  surely awaits  after the pandemic will receed,Misinformation
A video showcasing successful trials completed for COVID 19 vaccine developed by PGIMER n India,Misinformation
A video showing two journalists talking at a White House briefing is the proof a vaccine exist,Misinformation
A video shows a group of doctors calling itself  Doctors for the truth  defend and justify claims that masks don t work ockdowns won t stop the virus nd the flu vaccine spread SARS CoV2,Misinformation
A video shows a meeting between American billionnaire Bill Gates and Senegalese president Macky Sall ho agreed to test COVID 19 vaccines in Senegal,Misinformation
A video where Bill Gates is alledgely stating that vaccines are useful to sterilize and reduce the world population,Misinformation
A viral message circulating on WhatsApp claims that a vaccine would be available in September 2020   thus ending speculation that the vaccine would not be available until 2021,Misinformation
A viral photo displays a vial of the vaccine ith text along the top that says   Now this was 2001 tell me why 19 years later they say there is no vaccine share before they take it down again,Misinformation
A viral photo displays a vial of the vaccine ith text along the top that says   Now this was 2001 tell me why 19 years later they say there is no vaccine share before they take it down again,Misinformation
A volunteer for Oxford coronavirus vaccine died,Misinformation
A WhatsApp a video features Rabbi Dan Ben Avraham nternational President of the Netzarita AMI Alliance ccording to their Twitter  In the video he rabbi says  the Israeli Minister of Health has officially declared that Israel has the coronavirus vaccine   And  Israel has the vaccine already,Misinformation
A WhatsApp forward claimed that a vaccine for coronavirus has been discovered  It also claims that the treatment for coronavirus is mentioned in India s Intermediate Zoology book  The viral forward reads It is not a new disease as it is already mentioned in the Intermediate Zoology book along with its treatment  It happens sometimes that many great scientists and doctors do not focus on lesser known books as they are mostly busy with famous books   Book name  Zoology riter  Dr  Ramesh Gupta age No  1072   Friends his is not fake news so I request you to kindly share it maximum so all coronavirus patients are treated in time,Misinformation
A WhatsApp forward claims that the COVID 19 vaccine is ready as announced by U S  President Donald Trump nd will be launched next Sunday  It also claims that the vaccine discovered by the U S  scientists can cure a COVID 19 infected patient within 3 hours  With the WhatsApp forward he alleged image of the vaccine is also being shared,Misinformation
A WhatsApp forward has gone viral which claimed that a vaccine for coronavirus has been discovered  The viral forward also claims that the treatment for coronavirus is mentioned in India s Intermediate Zoology book,Misinformation
A WhatsApp forward has gone viral which claimed that a vaccine for coronavirus has been discovered  The viral forward also claims that the treatment for coronavirus is mentioned in India s Intermediate Zoology book,Misinformation
A Whatsapp message claiming that Covid 19 was transmitted to people through the 2019 2020 influenza vaccine,Misinformation
A WhatsApp message that states that COVID 19 means  Certificate of identification of vaccination with artificial intelligence   which is intended through the disease to carry out an international plan for the control and reduction of populations,Misinformation
A WhatsApp message that the European Union wants to relax vaccination regulations so that the COVID 19 vaccine is available more quickly since  Gates and his accomplices seem to be in a rush to administer it  although  it probably equates to a genocide,Misinformation
A Whatsapp message which claims that the Italian government sent  Nas   a branch of the Carabinieri  to close the department in charge of plamsa related therapies at Mantua hospital here  they cure COVID 19 in 48 hours   The government would have done that in order to obtain  Bill Gates  vaccine,Misinformation
A YouTube video claiming that in 2014 Bill Gates patenteted the vaccine againt COVID 19,Misinformation
A YouTube video shared thousands of times claims that two children died from a novel coronavirus vaccine in Guinea,Misinformation
According to a statement appearing to be coming from WHO  There is no pandemic  The epidemic does not exist  No vaccine is needed  Healthy people do not need gloves ace masks and other protective equipment  There was no need for a lockdown and a curfew as well as the so called contact tracing  The virus cannot survive on surfaces   such an isolation was only the demand of governments  Each and every organisation itness clubs heatres estaurants afes and bars can work at full capacity,Misinformation
According to a statement appearing to be coming from WHO  There is no pandemic  The epidemic does not exist  No vaccine is needed  Healthy people do not need gloves ace masks and other protective equipment  There was no need for a lockdown and a curfew as well as the so called contact tracing  The virus cannot survive on surfaces   such an isolation was only the demand of governments  Each and every organisation itness clubs heatres estaurants afes and bars can work at full capacity,Misinformation
According to a study conducted by the American Pentagon veryone who has received the influenza vaccine are 36% more likely to get infected by SARS CoV 2,Misinformation
According to Bill Gates he COVID 19 RNA vaccine will permanently alter our DNA  RNA vaccines can also cause autoimmunity,Misinformation
According to Bill Gates he COVID 19 RNA vaccine will permanently alter our DNA  RNA vaccines can also cause autoimmunity,Misinformation
According to the headlines of an article shared as a screenshot he first volunteer in the United Kingdom s COVID 19 vaccine trial has died wo days after getting the injection,Misinformation
Alibaba Group founder Jack Ma gave US 5 million to a Filipino student who developed a vaccine for novel coronavirus,Misinformation
America has been vaccinating cattle for coronavirus for years et the news tells you it s new and going to kill you all o go buy a mask,Misinformation
America has been vaccinating cattle for coronavirus for years et the news tells you it s new and gunna kill you all so go buy mask,Misinformation
American coronavirus vaccine killed five Ukrainians,Misinformation
An Argentinian doctor discovered a vaccine for coronavirus in Spain,Misinformation
An article circulating on Facebook claims that Microsoft co founder Bill Gates said a COVID 19 vaccine could kill almost one million people iting an interview he gave,Misinformation
An article claiming that  Bill Gates  vaccine  would modify human DNA,Misinformation
An article stating that Moderna vaccines had  catastrophic results,Misinformation
An audio where an unidentified person links the virus that causes COVID 19 with the massive flu vaccination campaign,Misinformation
An audio where an unidentified person links the virus that causes COVID 19 with the massive flu vaccination campaign,Misinformation
An hospital was set on fire in Nairobi after people discovered a lot of  poisoned vaccines  against coronavirus sent by the USA,Misinformation
An image claimed that the Bill Gates vaccination program  deformed and ruined the lives of people in Africa,Misinformation
An image has been shared in multiple posts on Facebook and Twitter alongside a claim that it shows China administering the  world s first new coronavirus vaccine  after the global outbreak of the novel coronavirus OVID 19,Misinformation
An image of an alleged Mexican scientist who discovered a possible vaccine for coronavirus,Misinformation
An image purportedly showing an article about flu vaccination has been shared hundreds of times in multiple posts on Facebook and Twitter posts alongside a claim that flu vaccines can make people more vulnerable to infections  The posts hared in May 2020 during the ongoing coronavirus pandemic dd that those who receive flu shots are  the first to die in an actual global pandemic,Misinformation
An image shared on social media claims vaccines are dangerous because they contain potassium chloride he chemical used to stop the heart in lethal injections,Misinformation
An image shared on social media claims vaccines are dangerous because they contain potassium chloride he chemical used to stop the heart in lethal injections,Misinformation
An image showing a COVID 19 vaccine created in 2001,Misinformation
An image that supposedly shows the results of vaccination campaigns on children in Sierra Leone,Misinformation
An Instagram post claims Microsoft founder Bill Gates said up to 700 000 people could die from a COVID 19 vaccine,Misinformation
An Italian politician says that according to the science journal Nature the vaccine against COVID 19 is not needed because the virus changes rapidly,Misinformation
An online report shared tens of thousands of times on Facebook and Twitter claims that one of Britain s first volunteers to be injected with a trial coronavirus vaccine has died,Misinformation
As part of vaccine trials r  V K  Srinivasan of Bharath Biotech took the COVID 19 vaccine,Misinformation
Assassination of the Tunisian doctor Mahmoud Bazarti after his announcement of finding a successful vaccine for COVID 19 in Germany,Misinformation
Barack Obama has urged Africans to reject any COVID 19 vaccine produced by the United States and Europe,Misinformation
Barack Obama warned Africans against vaccines from America and Europe,Misinformation
Baseless claims about vaccine safety go viral on Facebook,Misinformation
BCG  Bacillus Calmette Gu ?in  vaccine hich is used to prevent tuberculosis lso serves to mitigate the damage caused by COVID 19,Misinformation
BCG vaccine protects from COVID 19,Misinformation
Because of a WHO clause utch primary schools are allowed to vaccinate children without their parents  consent,Misinformation
Beef meat is the best vaccine against COVID 19,Misinformation
Bharat Biotech Vaccine Available From 15 August  Not So Fast,Misinformation
Bill Gates  coronavirus vaccine developed by Oxford researchers caused all test subjects to get coronavirus,Misinformation
Bill Gates admits his COVID 19 vaccine might kill nearly 1 million people,Misinformation
Bill Gates admits his COVID 19 vaccine might kill nearly 1 million people,Misinformation
Bill Gates admitted that he wants to vaccinate everyone because he makes 2000 percent profit with vaccines,Misinformation
Bill Gates already has his vaccine ready for you  against covic 19 d   nd here s the patent,Misinformation
Bill Gates and Microsoft have patented a cryptocurrency from Satan  666  and a microchip tattooed to control humans  The microchip would be inserted with coronavirus vaccines,Misinformation
Bill Gates and the Vatican have a plan to depopulate the world with a coronavirus vaccine,Misinformation
Bill Gates claims and announces that vaccinations will be mandatory for all,Misinformation
Bill Gates Explains That The COVID Vaccine Will Use Experimental Technology And Permanently Alter Your DNA,Misinformation
Bill Gates Explains That The COVID Vaccine Will Use Experimental Technology And Permanently Alter Your DNA,Misinformation
Bill Gates faces trial in India for illegally testing vaccines,Misinformation
Bill Gates funded vaccine got 1 200 girls sick in India,Misinformation
Bill Gates has said that the COVID 19 vaccine could kill 700 000 people,Misinformation
Bill Gates ho has led harmful vaccination campaigns in developing countries ow plans to use COVID 19 vaccines to surveil the population,Misinformation
Bill Gates ho has led harmful vaccination campaigns in developing countries ow plans to use COVID 19 vaccines to surveil the population,Misinformation
Bill Gates ho has led harmful vaccination campaigns in developing countries ow plans to use COVID 19 vaccines to surveil the population,Misinformation
Bill Gates ho is supporting COVID 19 vaccine research isited in New Zealand during May,Misinformation
Bill Gates is creating a vaccine against the COVID 19 which would geolocate the population,Misinformation
Bill Gates is creating vaccines to make the earth s population infertile  He discussed a plan to reduce the world s population through vaccines during his 2010 TED talk,Misinformation
Bill Gates is doing  population control  with the coronavirus vaccine,Misinformation
Bill Gates is funding a vaccine in adhesive patch form  The vaccine contains a microchip that is going to be used to monitor people via 5G network,Misinformation
Bill Gates is plotting to use COVID 19 testing and a future vaccine to track people with microchips,Misinformation
Bill Gates patented the Sars cov2 vaccine in 2014,Misinformation
Bill Gates personally will profit from a COVID 19 vaccine and he owns a company that plans to implant microchips in everyone,Misinformation
Bill Gates plans to introduce microchip implants that will register whether or not someone has been tested and/or vaccinated against SARS CoV 2,Misinformation
Bill Gates predicted that the coronavirus pandemic would kill 65 million people and created a vaccine to eradicate Africans,Misinformation
Bill Gates predicts 700 000 victims because of a COVID 19 vaccine,Misinformation
Bill Gates profits from vaccination and wants to reduce the world s population,Misinformation
Bill Gates said  thousands of people will die with the COVID 19 vaccine,Misinformation
Bill Gates said in a TV interview that people don t have a choice when it comes to vaccination for COVID 19,Misinformation
Bill Gates spreads viruses to profit on vaccines,Misinformation
Bill Gates wants to implant microchips in vaccines using the  ID2020 Alliance,Misinformation
Bill Gates wants to implement microchips o depopulate the planet and he is sued in India for killing people with vaccines,Misinformation
Brazilian CoronaVac volunteer reported body pain and fever after vaccination,Misinformation
Brexit did not speed up UK vaccine authorisation,Misinformation
Britain s first coronavirus vaccine volunteer has not died after trial jab,Misinformation
Cardinal Antonio Ca zares rom Spain as assured that one of the vaccines that is being investigated against COVID 19 is made from cells of aborted fetuses,Misinformation
Cattle vaccine is related to COVID 19 he current panic overblown by media,Misinformation
Cattle vaccine proofs that coronavirus has existed for years and that there already is a vaccine  Photo showing the cattle vaccine produced by the American medical company ScourGuard 4KC,Misinformation
Chain message warns against accepting immunization from coronavirus  says they are rather implanting COVID 19 through said vaccine,Misinformation
Children In Senegal Did Not Die After Receiving oronavirus Vaccine,Misinformation
Children vaccinated against the flu are at a significantly higher risk of contracting other respiratory infections ncluding coronaviruses,Misinformation
China finds a vaccine for the new coronavirus,Misinformation
China finds a vaccine for the new coronavirus,Misinformation
China finds a vaccine for the new coronavirus,Misinformation
China finds a vaccine for the new coronavirus,Misinformation
China granted the test kits to Turkey in return to Mustafa Kemal s cholera vaccine aid to China in 1940,Misinformation
China has successfully developed a vaccine ready to combat the coronavirus,Misinformation
China is busy using fake news attacking the U S,Misinformation
China is not conducting coronavirus vaccine testing in Papua New Guinea,Misinformation
China recognizes Palestinian doctor as discoverer of coronavirus vaccine,Misinformation
Chinese President Xi Jinping urging Africans to reject a coronavirus vaccine that has killed all the animals it has been tested,Misinformation
Chinese vaccines contain a microchip that receives 5G signals and allow Chinese government to interfere with your RNA,Misinformation
Church services can t resume until we re all vaccinated ays Bill Gates,Misinformation
Church services can t resume until we re all vaccinated ays Bill Gates,Misinformation
Claim that Bill Gates said that coronavirus vaccine will kill or harm 700 000 people,Misinformation
Claim that supermarket workers are required to have a flu vaccination or face dismissal,Misinformation
Claim that the coronavirus isn t new as there is a canine coronavirus vaccine since 2001,Misinformation
Content claiming that the first woman in the UK to try the experimental coronavirus vaccine has died,Misinformation
Coronavac  Chinese vaccine against COVID 19 being tested in Brazil s made with aborted fetus cells,Misinformation
CoronaVac accine that is being developed in China and will be tested in Brazil as not tested anywhere else in the world,Misinformation
Coronavirus  Secondo Barillari Nature dice che il vaccino contro il SARS CoV2 non serve  Forse non lo ha capito,Misinformation
Coronavirus is activated by the flu vaccine,Misinformation
Coronavirus is not new  there is a vaccine for dogs,Misinformation
Coronavirus vaccine just around the corner  Numerous Danish news reports stating that all kinds of vaccines are just about ready,Misinformation
Coronavirus was caused by a mysterious vaccine activation distributed in China by chemtrails and activated by 5G,Misinformation
Coronavirus was created in a lab in order to destroy the Chinese economy  A vaccine is already available,Misinformation
Coronavirus was created in a lab in order to destroy the Chinese economy  The vaccine is already available,Misinformation
Coronavirus was made in a lab ith pre existing patents for a vaccine  The Bill and Melinda Gates foundation is involved in spreading the coronavirus,Misinformation
COVID 19 can be treated with the plasma of healed patients  We don t need a vaccine or a drug,Misinformation
COVID 19 deaths in Lombardy are due to flu vaccines,Misinformation
COVID 19 is a vaccine that is  activated  and spreads with the 5G,Misinformation
COVID 19 is the name of the vaccine against the novel coronavirus,Misinformation
COVID 19 mass vaccine in Senegal that began in West Africa killed the first seven children who received it,Misinformation
COVID 19 vaccine candidates will insert microchips in humans,Misinformation
COVID 19 Vaccine Ready an Cure Patients in 3 Hours  Fake Alert,Misinformation
COVID 19 vaccine trial killed 7 children in Senegal,Misinformation
COVID 19 vaccines will cause infertility  do not get vaccinated,Misinformation
COVID 19 vaccines will cause infertility do not get vaccinated,Misinformation
COVID 19 vaccines will come with a microchip to control the population,Misinformation
COVID 19 vs  HPV vaccine  COVID is more deadly,Misinformation
COVID-19 vaccine would cause a woman? body to fight this different spike protein and affect her fertility.,Misinformation
Croatian doctor claims that coronavirus was created by 5G network with the goal to force obligatory vaccination,Misinformation
Cuba developed a coronavirus vaccine,Misinformation
Cuba has a vaccine against the coronavirus called Interfer?,Misinformation
Cuba has developed a vaccine against coronavirus,Misinformation
Cuba s health ministry r  Hala as given the vaccine against the coronavirus to China,Misinformation
Did A US Biotech Company Already Develop A COVID 19 Vaccine,Misinformation
Did Donald Trump attempt to steal a COVID 19 vaccine from a German company and refuse testing kits from WHO,Misinformation
Doctor says in a video  We must all go out to get infected to end the pandemic  Vaccines are going to infect us with another disease  Fear causes other illnesses,Misinformation
Doctored photo is latest attack on Bill Gates amid COVID 19 vaccine push,Misinformation
Donald Trump announced a vaccine capable of curing the new coronavirus in three hours,Misinformation
Donald Trump announced that Roche will launch a vaccine for coronavirus next Sunday,Misinformation
Dr  Abdul Rahman Al Youbi irector of King Abdulaziz University in Saudi Arabia hares the news of a new vaccine for Covid 19 created by Saudi doctors,Misinformation
Dr  Anthony Fauci said   as soon as a COVID 19 vaccine is manufactured t must be delivered to healthcare professionals for immediate human injection  Proper studies can be done later,Misinformation
Dr  Elisa Granato he first volunteer for vaccine trials in UK as died,Misinformation
Dr  Elisa Granato ne of the first volunteers to receive a potential COVID 19 vaccine in the U K  as died,Misinformation
Dr  Fauci confirms to Congress how the vaccine increases the dangerousness of the novel coronavirus,Misinformation
Dr  Gerardo Dovakin found a vaccine against coronavirus,Misinformation
Dr  Lupita Yamamoto has found a vaccine that destroys the coronavirus,Misinformation
Dr  VK Srinivas ice President of Bharath Biotech e is taking first injection of COVID 19 vaccine  They have confidence in their product,Misinformation
Dr Anthony Fauci said a COVID 19 vaccine must be delivered to people without  proper studies  being carried out,Misinformation
Dr Elisa Granato ne of the first participants in a UK COVID 19 vaccine trial as died,Misinformation
Dr Mikovits n established scientist evealed that Dr Anthony Fauci was paid to cover up the extent of the problem caused by COVID 19  Also she revealed that SARS CoV 2 was created in a lab and that influenza vaccines increase COVID 19 mortality by 36%,Misinformation
Due to the large number of people who will refuse the forthcoming COVID 19 vaccine because it will include tracking microchips he Gates Foundation is now spending billions to ensure that all medical and dental injections and procedures include the chips,Misinformation
Due to the large number of people who will refuse the forthcoming COVID 19 vaccine because it will include tracking microchips he Gates Foundation is now spending billions to ensure that all medical and dental injections and procedures include the chips,Misinformation
Ecuadorian doctor develops a vaccine for COVID 19,Misinformation
Egypt Health Minister has given China the vaccine against the coronavirus,Misinformation
Egypt Health Minister has given China the vaccine against the coronavirus,Misinformation
Elisa Granato  32 year old  he first woman to get vaccine for COVID 19 ied,Misinformation
Elisa Granato he first volunteer in the first Europe human trial of a COVID 19 vaccine as died,Misinformation
Emmanuel Macron decided that African people couldn t enter the European terroritory anymore unless they have been vaccined with the European vaccine,Misinformation
Emmanuel Macron said the African people no longer will travel to Europe f they refused to use the European vaccine against COVID 19,Misinformation
Facebook and Instagram posts shared thousands of times claim that vaccines directly violate the Nuremberg Code  set of research ethics principles for human experimentation established after World War II,Misinformation
Facebook posts shared in at least three countries as scientists work to develop a COVID 19 vaccine claim to offer a legal way to refuse vaccination,Misinformation
Facebook user asserted that U S  President Donald Trump has announced a vaccine for COVID 19,Misinformation
False  Animal Vaccines Prove COVID 19 Is Not A New Viral Disease,Misinformation
False  Rahul Kanwal s claim about Trump suggesting early access of COVID 19 vaccine to India,Misinformation
False claims about first vaccine recipients spread on social media,Misinformation
First recipients of a COVID 19 test vaccine is dead,Misinformation
First volunteer in UK coronavirus vaccine trial Elisa Granato has died,Misinformation
First volunteer in UK coronavirus vaccine trial has died,Misinformation
First volunteer in UK coronavirus vaccine trial has died,Misinformation
First Volunteer in UK COVID 19 Vaccine Trial Dead  Hoax Alert,Misinformation
First Volunteer in UK COVID 19 Vaccine Trial Dead  Hoax Alert,Misinformation
Flu vaccine does not increase the risk of a coronavirus infection,Misinformation
Flu vaccine increases coronavirus risk 36% ays military study,Misinformation
Former diplomat Henry Kissinger encouraged mandatory vaccination n order to facilitate radical sanitary measures such as forced sterilization or genetic modification,Misinformation
Four kids who took the coronavirus vaccine died immediately,Misinformation
France found a vaccine for the coronavirus,Misinformation
French champion of chloroquine Didier Raoult is supposed to have said not to use Bill Gates  vaccines,Misinformation
French high school in the town of Langres was chosen to test a vaccine against COVID 19,Misinformation
French president Emanuel Macron announced a vaccine mandate for Africans willing to travel to Europe,Misinformation
French professor Didier Raoult irector of IHU Marseille old Africans not to take  Bill Gates  vaccine  against coronavirus because it is  poisonous,Misinformation
Gates Foundation stands to make nearly ?1 5 billion on a coronavirus vaccine in U K,Misinformation
Gates Foundation stands to make nearly 31 5 billion on a coronavirus vaccine in U K,Misinformation
Genefir Haller he woman who voluntereed to try one of the COVID 19 vaccines s dead,Misinformation
Georgian blood is unique  It may prove useful to fight COVID 19   According to the article octor Dick Longballs from the Virology Research Center in the city of Hartford he U S  state of Connecticut ho is involved in developing a vaccine against COVID 19 iscovered that Georgian blood contains special particles,Misinformation
German police can enter homes and forcibly vaccinate people,Misinformation
Getting the COVID-19 vaccine gives you COVID-19,Misinformation
Getting the COVID-19 vaccine means I can stop wearing my mask and taking coronavirus precautions.,Misinformation
Harry Kissinger quoted as saying  Once the herd accepts mandatory forcible vaccination t s game over,Misinformation
Harvard scientists explain  Here s how you can cure the coronavirus yourself before the vaccine comes out and a WhatsApp message states   The Ministry of Health has approved an immediate 350 euro reward for those staying home   The first child that lost his life because of coronavirus,Misinformation
Harvard scientists explain  Here s how you can cure the coronavirus yourself before the vaccine comes out and a WhatsApp message states   The Ministry of Health has approved an immediate 350 euro reward for those staying home   The first child that lost his life because of coronavirus,Misinformation
Henry Kissinger said that population reduction should be done by vaccines  for the common good,Misinformation
Hoax photo of Pfizer  vape  COVID vaccine made in China goes viral,Misinformation
Human testing of a COVID 19 vaccine is currently being conducted in Kenya,Misinformation
Humans are getting sick because the  bioengineered  coronavirus in one s body is reacting to 5G nd a coronavirus vaccine  with an RFID chip  will be introduced as the cure for the disease alled  mark of the beast,Misinformation
ID2020 Alliance aims to microchip all allowing vaccine administration,Misinformation
If I?e already had COVID-19  I don? need a vaccine,Misinformation
Images showing vaccines for coronavirus have already been discovered ere patented and will be readily available,Misinformation
In a video he Ooni of Ife  Nigerian traditional healer ays that plant products and sulphur can be used to treat COVID 19 nd a vaccine for the disease can be extracted from the substances too,Misinformation
In a video logger Ken Jebsen claims Bill Gates took control over the health system to force his vaccines upon everyone  He funds 80 percent of the WHO  In Germany people are arrested because they carry the constitution  Grundgesetz   Germany secretly wants to impose compulsory vaccines in a new law nd COVID 19 is just a harmless flu,Misinformation
In early 2021  the US speed in delivery of COVID 19 vaccines was the envy of much of the world. But by mid 2021  the tables turned as Europea  Indian COVID 19 vaccine production started exceeding US production levels.,Misinformation
In new interview to Fox resident Trump suggests India could have early access to COVID 19 vaccines being developed in US since PM Modi accepted request on HCQ,Misinformation
In new interview to Fox resident Trump suggests India could have early access to COVID 19 vaccines being developed in US since PM Modi accepted request on HCQ,Misinformation
In the United Kingdom he woman who was tried for the coronavrus vaccine has died,Misinformation
In the United Kingdom he woman who was tried for the coronavrus vaccine has died,Misinformation
In the United States  scientist who was developing a vaccine for coronavirus was killed,Misinformation
In this video talian representative Sara Cunial tells the truth about Bill Gates and its will to control world population through vaccines and medical experiment,Misinformation
India is suing Microsoft founder Bill Gates because of his vaccine against coronavirus that killed 77 000 girls,Misinformation
Infant deaths decreased dramatically during the lockdown hen the number of vaccines administered was reduced  vaccines are a cause of sudden infant death syndrome,Misinformation
Influenza and coronavirus vaccines are more likely to cause upper respiratory tract infections  All COVID 19 tests shows positive result,Misinformation
Influenza vaccines are likely to result in a false positive PCR test for Sars CoV 2,Misinformation
Influenza vaccines contain the coronavirus and increase the spread of COVID 19,Misinformation
Irish Prime Minister Leo Varadkar is going to the Supreme Court to make the coronavirus vaccine mandatory for all people living in Ireland,Misinformation
Israel allegedly developed a COVID 19 vaccine,Misinformation
Israel and USA have come up with a vaccine,Misinformation
Israel has already developed a vaccine against COVID 19,Misinformation
Israel has manufactured the coronavirus vaccine,Misinformation
Israeli scientists at the MIGAL Research Institute have developed a vaccine for COVID 19,Misinformation
Israeli scientists at the MIGAL Research Institute have developed a vaccine for COVID 19,Misinformation
Israeli scientists developed a vaccine for the novel Coronavirus,Misinformation
Israeli scientists have developed a COVID 19 vaccine,Misinformation
It was claimed that Israelis discovered vaccine for Coronavirus and no more deaths will be there,Misinformation
It was claimed that the BCG vaccine iven to all Indians mandatorily after birth akes them immune to coronavirus,Misinformation
Italian doctor who supports the anti vaccine movement claims that vaccines won t help in the fight with novel coronavirus because virus mutates too quickly  Post also claims that in reality only 3 people in Italy died because of coronavirus,Misinformation
Italian MP Sara Cunial says Bill Gates kills people with vaccines and  terminator  seeds nd that he is behind the COVID 19 pandemic,Misinformation
Jo ? Doria overnor of S ? Paulo igned a contract with Sinovac to develop a vaccine against COVID 19 in August  Therefore e knew all about the disease and is part of a Chinese conspiracy,Misinformation
Judy Mikovit s claims about the origins of COVID 19 lu vaccine and face masks from the documentary Plandemic retold in FB post,Misinformation
Judy Mikovits  claims about COVID 19 origins lu vaccine ydroxychloroquine and face masks from the documentary Plandemic retold in FB post,Misinformation
Kenya is the first African country to receive a COVID 19 vaccine from the United Kingdom,Misinformation
KNUST students discover vaccine for coronavirus and cure patient in C?e d Ivoire,Misinformation
Last year n China  vaccine was compulsory and that vaccine supposedly hosts a digitized virus s the one that causes COVID 19 and can be activated through 5G antennas,Misinformation
Lee Kum Kee is a doctor and scientist graduated in China is the creator of the vaccine to cure coronavirus,Misinformation
Lithuanian parliament member said that there are some very serious reasons to believe that virus was made artificialy in a laboratory and everything is related to Gates and other millionaires plan to create artificial virus just to sell vaccines afterwards,Misinformation
Luc Montagnier  Nobel prize winner laims that Sars Cov 2 was made in the laboratory to create an HIV vaccine,Misinformation
Mahmoud Abdel Qader Al Bizerti he lead researcher in a German group developing a vaccine for COVID 19 was murdered,Misinformation
Many people every year sometimes over 100 000 and despite the vaccine die from the flu,Misinformation
Mask guidance for vaccinated people is based in science,Misinformation
Mass vaccination for COVID 19 in Senegal was started yesterday  4/8  and the first 7 CHILDREN who received it DIED on the spot,Misinformation
Mass vaccination for COVID 19 in Senegal was started yesterday  4/8  and the first 7 CHILDREN who received it DIED on the spot,Misinformation
Massive protests against mandatory vaccination in Poland,Misinformation
Mauricette M  la premi?e personne vaccin? en France contre le Covid 19 avait elle donn?son consentement,Misinformation
Melinda Gates divorced her husband Bill because he created a toxic vaccine whose purpose is to destroy the African,Misinformation
Misleading claim circulates that flu vaccines make people more vulnerable to infections,Misinformation
Moderna s COVID 19 vaccine is dangerous,Misinformation
Modi is boasting about the Indian Covid 19 vaccine in front of Indians in Germany. While 66percent  of Indians are vaccinated  in Germany  the vaccination rate is 76percent . Forget thousands of dead bodies floating in Indian rivers. Still  the upper caste diaspora is clapping.,Misinformation
Multiple Facebook and Twitter posts shared hundreds of times claim the Australian state of Western Australia has recently passed a  COVID 19 Emergency Powers Act  that authorises forcible medical examination and vaccination in schools,Misinformation
Multiple Facebook posts shared hundreds of times claim that Bill Gates   ultimate goal  is to  microchip the  COVID 19  vaccine  to create  virtual IDs   The posts also claim the billionaire philanthropist was in New Zealand in May and June 2020  to test and trial the COVID 19 vaccine,Misinformation
Multiple Facebook posts shared hundreds of times claim that Bill Gates   ultimate goal  is to  microchip the  COVID 19  vaccine  to create  virtual IDs   The posts also claim the billionaire philanthropist was in New Zealand in May and June 2020  to test and trial the COVID 19 vaccine,Misinformation
Multiple Facebook posts shared thousands of times by Filipino Facebook users make several false claims about a future vaccine for COVID 19 he disease caused by the novel coronavirus  The posts also make claims about a link between a potential vaccine and the rollout of 5G technology,Misinformation
Multiple posts shared hundreds of times on Facebook and Twitter claim that four Ukrainian soldiers died after participating in American COVID 19 vaccine trials in the northeastern Ukrainian city of Kharkiv  The claim ublished in several languages across different posts as attributed to a police spokesperson in the self proclaimed Lugansk People s Republic,Misinformation
Multiple posts shared hundreds of times on Facebook and Twitter in March 2020 claim a new vaccine and a new drug have been developed to prevent and treat the novel coronavirus  The posts claim the developments were made by scientists in Japan and the Philippines respectively,Misinformation
Multiple posts shared with pictures of an aircraft delivering supplies claim to show the delivery of coronavirus vaccines from China to a Nigerian airport,Misinformation
Myanmar health minister mentions that a vaccine for COVID 19 was found,Misinformation
Nanochips were found in COVID 19 vaccines,Misinformation
New misinformation circulates online in Asia about creation of vaccine and drug for COVID 19,Misinformation
New study  The flu vaccine is ignificantly associated ith an increased risk of coronavirus,Misinformation
New vaccine can help cure coronavirus in three hours,Misinformation
New York schools add a COVID 19 vaccine to the mandatory school schedule,Misinformation
No  vaccine will not be required to obtain a visa for Europe,Misinformation
No dexamethasone not a Covid 19 vaccine no evidence it causes infertility,Misinformation
No more deaths from COVID 19 as Israeli scientists have discovered a vaccine,Misinformation
No rump Didn t Say Roche Medical nnounced Vaccine for COVID 19,Misinformation
Now that we have a vaccine for COVID-19  we can make vaccines for the common cold  HIV and other diseases.,Misinformation
Number of hospitalizations in the state is now higher than before the COVID 19 vaccine was introduced a year ago  and in fact is higher than it s been in the past five years  Dr. Lindsay Weaver ,Misinformation
Ok yeah they banned abortions but they also came out with the new covid 19 vaccine for babies so it s like really nothing lost or gained.,Misinformation
Oklahoma police planning to set up roadblocks to enforce a mandatory COVID 19 vaccination law and slap micro chipped bracelets on people,Misinformation
Old family photo of Covid 19 vaccine inventor,Misinformation
On March 25 rench scientist successfully tested a vaccine against COVID 19,Misinformation
On video an unidentified woman warns Africans not to accept vaccines from China laiming that the Chinese government wants to kill the  African population  with fake vaccines  She says that seven children died in Senegal after being given the fake vaccine from China,Misinformation
One of the first recipients of a trial COVID 19 vaccine died,Misinformation
Oxford University s vaccine is made using the cells of aborted fetuses,Misinformation
People in Ukraine will be forcibly vaccinated against the new coronavirus,Misinformation
People who have received flu vaccines in the past three to five years will  probably test positive  for COVID 19,Misinformation
Photo of a COVID 19 diagnosis kit is viral as a coronavirus curing vaccine being launched on Sunday,Misinformation
Photo of a vaccine developed by U S  scientists for COVID 19,Misinformation
Photos of large plastic wrapped bundles being offloaded from a plane are of COVID 19 vaccines China has sent to Nigeria o be distributed for free,Misinformation
Plandemia   This video claims that the coronavirus was created in a laboratory nd that it is a plan to reduce the population where vaccines and abortion are involved mong many other claims,Misinformation
Plandemic  vignette featuring Judy Mikovits claims that coronavirus is manmade  that flu vaccine increases risk of COVID 19  that hydroxychloroquine is effective for treating COVID 19,Misinformation
Poland stands up against compulsory vaccination,Misinformation
Posts on social media claim that people who have been vaccinated against the flu in the last 10 years will test positive for COVID 19,Misinformation
Posts on social media claim there is a US patent for the novel coronavirus and a European patent for a vaccine iting specific patent numbers,Misinformation
President Donald Trump announced a vaccine by Roche Diagnostics,Misinformation
President Donald Trump announced commercialization of a vaccine,Misinformation
President Donald Trump has announced that the Roche Medical Company will launch a coronavirus vaccine this Sunday,Misinformation
President Donald Trump tried to buy a vaccine developed in Germany,Misinformation
President Donald Trump tweeted   Coronavirus vaccine from Israel  Stock market up  Economy even stronger now  Besides US srael best at inventions  Judaism lives  Wonderful vaccine ill stop Corona DEAD around world  Can t make vaccines when being bombed ot have been possible without peace I created in Israel,Misinformation
President Donald Trump will announce that a scientist  finally found a vaccine to cure coronavirus,Misinformation
Prince Charles  recovery from COVID 19 is suspicious  it is proof that a vaccine already exists,Misinformation
Publications that state that  the new vaccine contains digitizable  RNA   n alleged  replicant that is activated by 5G  and that is why  the virus can be reactivated after the patient recovers,Misinformation
Quarantine has only worsened the situation accination against coronavirus is pointless and harmful ays infectious disease specialist Nadiia Zholobak,Misinformation
Recent news and media claims that the Tuberculosis vaccine  BCG may be effective against COVID 19,Misinformation
Reports that there is a Chinese vaccine for COVID 19 that has arrived in Africa,Misinformation
Researchers from Oxford University are offering Ksh100 000 to Kenyan volunteers for a COVID  19 vaccine trial,Misinformation
Researchers rushed the development of the COVID-19 vaccine  so its effectiveness and safety cannot be trusted.,Misinformation
RNA based COVID 19 vaccines can turn humans into genetically modified organisms,Misinformation
Roche has developed a COVID 19 vaccine,Misinformation
Romania developed a coronavirus vaccine able to cure white people only,Misinformation
Russia already has a vaccine to fight COVID 19,Misinformation
Russia has a vaccine for the coronavirus,Misinformation
Russias Sechenov University has NOT  completed  COVID vaccine clinical trials  media misreports,Misinformation
Says a coronavirus patent expired just as there is a udden outbreak nd espite edia fear mongering there is already a vaccine available,Misinformation
Says a coronavirus patent expired just as there is a udden outbreak nd espite edia fear mongering there is already a vaccine available,Misinformation
Says a coronavirus patent expired just as there is a udden outbreak nd espite edia fear mongering there is already a vaccine available,Misinformation
Says American NIAID director Dr  Anthony Fauci  stands to lose 100 million dollars on Bill Gates  vaccine  for the coronavirus  Because he invested in this vaccine,Misinformation
Says Bill Gates said We need to develop a digital certificate that shows who has received all the vaccinations  Only those with all the required vaccinations may travel isit churches articipate in sports and music events et a job tc,Misinformation
Says Donald Trump tweeted Corona vaccine from Israel  Stock market up  Economy even stronger now  Besides US srael best at inventions  Judaism lives  Wonderful vaccine ill stop Corona DEAD around world  Can t make vaccines when being bombed ot have been possible without peace I created in Israel,Misinformation
Says Dr  Anthony Fauci  stands to lose 100 million dollars on Bill Gates  vaccine  for the coronavirus  Because he invested in this vaccine,Misinformation
Says President Donald Trump will announce that a scientist inally found vaccine to cure corona virus,Misinformation
Scientists develop a vaccine that cures COVID 19 in three days,Misinformation
Scientists from Australia create the first vaccine for novel coronavirus,Misinformation
Seasonal influenza vaccination will be mandatory in Georgia this fall  COVID 19 mortality rates are significantly lower than the fatalities caused by other viruses,Misinformation
Sechenov First Moscow State Medical University in Russia has completed the clinical trials for the  world s first COVID 19 vaccine,Misinformation
Senegalese children did not die from a coronavirus vaccine  which does not yet exist ,Misinformation
Seven children in Senegal are dead due to coronavirus vaccine testing,Misinformation
Seven Senegalese children died after having recieved a vaccine against COVID 19,Misinformation
Social media posts and online articles shared tens of thousands of times claim that the foundation of billionaire philanthropist Bill Gates tested a polio vaccine in India that left at least 490 000 children paralyzed,Misinformation
Spanish biologist compares salaries of footballers and doctors looking for COVID 19 vaccine,Misinformation
Spanish biologist compares salaries of footballers and doctors looking for COVID 19 vaccine,Misinformation
Spanish singer Miguel Bos ?accused Gates Foundation to be expelled from India for their vaccines,Misinformation
Stefano Montanari exposes the  truth  about coronavirus vaccination,Misinformation
Sweden has banned mandatory vaccination,Misinformation
Switzerland already has the coronavirus vaccine In 6 months he hopes to have the entire population of his country vaccinated and then export it to the rest of the world says the image,Misinformation
Switzerland banned vaccination and someone named  Father Escobar  said that through vaccination Satan inserts a code into a human body,Misinformation
Taiwan is collaborating with the U S  for rapid test kits and vaccine development,Misinformation
The bus of Europeans doctors bringing vaccines against COVID 19 in DR Congo was chased away by a crowd of bikers near Kinshasa,Misinformation
The cases of COVID 19 he disease caused by the novel coronavirus s not real and was planned by US billionaire Bill Gates to push the use of vaccines and microchip implants,Misinformation
The CDC can detain anyone with a fever   indefinitely    Vaccination  is  a way people could get out of detention,Misinformation
The CDC can detain anyone with a fever indefinitely  Vaccination  is  a way people could get out of detention,Misinformation
The citizens can deny mandatory vaccination if they ask a specific set of questions to their doctor  Also every vaccine contains MRC 5 cells from aborted fetuses,Misinformation
The claim that  Profession  said that vaccinations will be mandatory therwise there will be severe consequences against those who refuse to vaccinate children and whose children will be taken away,Misinformation
The coronavirus has already existed ven in domestic animals nd there is a vaccine to fight it,Misinformation
The coronavirus vaccine is ready and works in 3 hours  picture ,Misinformation
The coronavirus will fade away on its own o no vaccine is needed,Misinformation
The coronavirus will fade away on its own o no vaccine is needed,Misinformation
The COVID 19 future vaccine will come with the ID   a mark  The ID tells everyone you are free of COVID,Misinformation
The COVID 19 future vaccine will come with the ID   a mark  The ID tells everyone you are free of COVID,Misinformation
The COVID 19 vaccine being developed in China is more effective and cheaper than the one developed by Oxford University,Misinformation
The COVID 19 vaccine being developed in China is more effective and cheaper than the one developed by Oxford University,Misinformation
The COVID 19 vaccine causes bad alergic reactions,Misinformation
The COVID-19 vaccine enters your cells and changes your DNA.,Misinformation
The COVID-19 vaccine was developed with or contains controversial substances.,Misinformation
The death of Kobe Bryant overshadowed the news that an American drugmaker was hustling to make a vaccine for coronavirus nd 200 people died of COVID 19 in August 2019 in the USA,Misinformation
The Democrats are pushing for an implanted microchip in humans nd everyone to be vaccinated,Misinformation
The Democrats are pushing for an implanted microchip in humans nd everyone to be vaccinated,Misinformation
The existence of a canine coronavirus vaccine casts doubt on statements that there isn t one for humans,Misinformation
The existence of a canine coronavirus vaccine casts doubt on statements that there isn t one for humans,Misinformation
The first person to received a Chinese COVID 19 vaccine that is being tested in Brazil was not actually vaccinated  The video was just a simulation ince the cap of the injection was still on,Misinformation
The first test results for the Moderna vaccine are disappointing,Misinformation
The first volunteer for the new COVID 19 vaccine died,Misinformation
The flu vaccine caused the spread of COVID 19,Misinformation
The future coronavirus vaccine will implant a microchip called id2020,Misinformation
The measles mumps rubella vaccine reduces the severity of COVID 19,Misinformation
The messenger RNA technology used to make the COVID-19 vaccine is brand new.,Misinformation
The new coronavirus vaccine has digitizable RNA hat is activated by 5G and can reactivate the virus,Misinformation
The new vaccination system against COVID 19 tudied in Pittsburgh in the US nserts microchips in the body,Misinformation
The new vaccine contains  RNA  Digitizable replicator that is activated with 5g o that the virus can reactivate after the patient recovers,Misinformation
The novel coronavirus was made in a lab and is now spread as a way to force vaccinate people,Misinformation
The Pfizer Covid 19 candidate vaccine is not too cold to be called a vaccine,Misinformation
The photo of a vaccine for canine coronavirus proves that a vaccine exists for the novel coronavirus that causes COVID 19,Misinformation
The prime minister of Australia was caught on video pretending to receive a vaccine against COVID 19,Misinformation
The side effects of the COVID-19 vaccine are dangerous.,Misinformation
The spread of COVID 19 can be prevented with a  home made vaccine  based on fruits and other ingredients,Misinformation
The text claims that mass media owners alled  Satanists  in the text re forcing the public to voluntarily look for a coronavirus vaccine  It also describes the vaccine  which still does not exist  as   A vaccine in which the beast s mark is present in liquid form with nano technology nd he will completely control the world and all people,Misinformation
The US uses the new coronavirus to put in place global control  They are going to inject nano chips during vaccination o control the foreign economies affected by COVID 19 nd to govern those countries,Misinformation
The USA are counting on alternative medicine like chlorine dioxide or hydroxychloroquine instead of vaccines,Misinformation
The vaccine against COVID 19 is finally ready,Misinformation
The vaccine against the new coronavirus has been developed in Ukraine,Misinformation
The vaccine against the new coronavirus has existed since 2001,Misinformation
The vaccine against the new coronavirus has existed since 2001,Misinformation
The vaccine against the new coronavirus has existed since 2001,Misinformation
The vaccine against the new coronavirus was created before the disease appeared  three people who recently arrived from China in Sarajevo Canton are under medical supervision and have brought COVID 19 to Sarajevo,Misinformation
The vaccine for coronavirus is ready  as of July 7 ,Misinformation
The vaccine for coronavirus is ready  US President Donald Trump has announced that Roche Medical Company will launch it,Misinformation
The vaccine from the artificial coronavirus will change the human genetic code ccording to Rashid Buttar,Misinformation
The vaccine that China is testing for COVID 19 is bad for humans,Misinformation
The WHO approved a Chinese vaccine against COVID 19 that costs US 10000 per dose  it also forbade tests with an American vaccine hich would be given at very low cost,Misinformation
The World Health Organization suspended production of an American COVID 19 vaccine nd promoted the Chinese version,Misinformation
There are reports circulating on social media that Bill Gates said that a new experimental mRNA vaccine could change patients  DNA,Misinformation
There has been vaccine for coronavirus  COVID 19  since 2001,Misinformation
There is already a vaccine for coronavirus reated in the U S,Misinformation
There is microchip that will be implanted in the future coronavirus vaccine to control the population for political and economic purposes,Misinformation
There is microchip that will be implanted in the future coronavirus vaccine to control the population for political and economic purposes,Misinformation
There is no home vaccination against coronavirus in Cuba,Misinformation
There is nothing called  coronavirus  and it is just a hoax to pass Bill Gates s vaccine,Misinformation
Theres magically already a vaccine available,Misinformation
Theres magically already a vaccine available,Misinformation
They create diseases to offer vaccines  There is already a patent for an attenuated coronavirus,Misinformation
This image has circulated in reports about China testing a potential COVID 19 vaccine that has not been approved by health authorities,Misinformation
This image prove that a coronavirus vaccine for animals has existed since 2001  Do they think we re complete fools,Misinformation
This is an image of a suspected coronavirus vaccine causing COVID 19,Misinformation
This is the Russian doctor called Dahrov who invented the COVID19 vaccine,Misinformation
This is the Russian doctor called Dahrov who invented the COVID19 vaccine,Misinformation
Trump announced that Roche Medical Company will launch a vaccine to cure COVID 19 in 3 hours,Misinformation
Turkish doctor allegedly found coronavirus vaccine,Misinformation
Turkish doctor allegedly found coronavirus vaccine,Misinformation
U S  government planning to force Americans to take vaccinations during the coronavirus pandemic with the help of Bill Gates,Misinformation
UK s Covid 19 vaccine trial volunteer Dr Elisa Granato is dead,Misinformation
UN secretary general announcement that COVID 19 vaccine trials will begin in Africa,Misinformation
Unlicensed vaccines are not untested,Misinformation
US biotech company says its COVID 19 vaccine is in the development phase,Misinformation
US President Donald Trump did not announce a coronavirus vaccine was eady,Misinformation
Vaccine  Injured  Bereaved UK   is formed of 95 individuals and families who have either been severely injured or bereaved as a direct result of receiving a Covid 19 vaccine in the UK. ,Misinformation
Vaccines against the novel coronavirus are dangerous  Moreover  mutation in the virus will make them ineffective,Misinformation
Vaccines are dangerous   says the German homeopathic organisation ?zte f? Aufkl?ung hich campaigns against the coronary measures and against vaccines  They give four cases on her website that would show that vaccines can be dangerous  Three of the four cases are misleading ne is uncertain,Misinformation
Vaccines are dangerous   says the German homeopathic organisation ?zte f? Aufkl?ung hich campaigns against the coronary measures and against vaccines  They give four cases on her website that would show that vaccines can be dangerous  Three of the four cases are misleading ne is uncertain,Misinformation
Vaccines are in direct violation of The Nuremberg Code,Misinformation
Vaccines hips nd 5G are interconnected and needed to establish control over people,Misinformation
Vaccines ncluding the one for COVID 19 nclude aborted fetal tissues,Misinformation
Vaccines to cure COVID 19 are ready,Misinformation
Video of American President Donald Trump announcing that Roche Medical Company will launch the vaccine for COVID 19,Misinformation
Video of former China CDC director criticising China made vaccines in 2010 is recirculated in misleading social media posts,Misinformation
Video of Islamic Ulema in Indonesia forced to get COVID 19 vaccine Injected,Misinformation
Video of President Donald Trump announcing that Roche Medical Company will launch the vaccine for COVID 19 next Sunday,Misinformation
Video of President Donald Trump announcing that Roche Medical Company will launch the vaccine for COVID 19 next Sunday,Misinformation
Video reveals a secret vaccine for the novel coronavirus n the White House,Misinformation
Video reveals a secret vaccine for the novel coronavirus n the White House,Misinformation
Video reveals a secret vaccine for the novel coronavirus n the White House,Misinformation
Video shows that the first volunteer to be vaccinated with CoronaVac  vaccine produced by chinese Sinovac Biotech idn t have the arm punctured hich proves that the drug is a scam,Misinformation
Viral photo does not show Bharat Biotech s VP taking first dose of COVID vaccine  Covaxin ,Misinformation
Viral Posts Falsely Claim Coronavirus Vaccine rugs Developed In Asia,Misinformation
Viral tweet cites made up CDC  COVID 19 survival rates  to downplay vaccine,Misinformation
Viral video reveals there is a coronavirus vaccine patent owned by Bill Gates,Misinformation
We will have a vaccine by september xford s science team says,Misinformation
What members of FDA vaccine advisory committee saw and heard during Wednesdays meeting should have stopped them from recommending authorization of COVID 19 vaccines for children as young as 6 months but it didn t.,Misinformation
When the COVID 19 vaccine is introduced icrochips will also be introduced into the human body hen 5G networks will come into play hrough which the world s elite will send various signals to nanochips that have settled in human organisms  They will want to send such a signal that only the a  Golden  billion will remain on Earth,Misinformation
Whether countries with high rates of childhood vaccines were hit hardest by coronavirus,Misinformation
WHO envoy says COVID 19 vaccine can not be found,Misinformation
WHO says Coronavac accine produced by Sinovac Biotech asn t been tested anywhere in the world before Brazil,Misinformation
Will the Tragic Fate of World Stars like Celine Dion and Justin Bieber Open the Eyes of their Fans? Impacts of Covid 19 Vaccine Celine Dion and Justin Bieber  same tragic destiny after Covid vaccines,Misinformation
Young people  have a greater chance of being killed by the HPV vaccine than COVID 19,Misinformation
Young people ave a greater chance of being killed by the HPV vaccine than COVID 19,Misinformation
Vaccine make us sick,Misinformation
Covid19 vaccine give severe illness to a patient,Misinformation
vaccine can caused death,Misinformation
vaccine make our body weak and can cause death,Misinformation
vaccime can affect infertility,Misinformation
 The CDC continues to monitor the spread of COVID-19 and makes recommendations for wearing face masks  both for those who are fully vaccinated as well as those who are not fully vaccinated,Valid
1 or 2 days of side effects after the COVID 19 vaccine means it s working,Valid
A study from the United Kingdom examined the effectiveness of the vaccine against the omicron variant  It found that vaccine effectiveness against hospitalization is 52% after one dose and 72% for the first 24 weeks after the second dose  The effectiveness waned to 52% beyond 24 weeks after the second dose but soared back up to 88% after a booster dose,Valid
A vaccine breakthrough infection happens when a fully vaccinated person gets infected with COVID 19  People with vaccine breakthrough infections may spread COVID 19 to others,Valid
A vaccine for the coronavirus has been discovered,Valid
A video shared thousands of times on Facebook makes false claims about the products of syringe maker Apiject Systems of America hich has a contract with the government to provide medical grade injection devices for vaccines,Valid
Active duty senior Army official told The Defender  on condition of anonymity  Army is strongly considering pushing the June 30 deadline for compliance with the militarys COVID 19 vaccine mandate far into the future  but will not announce the date change.,Valid
Additionally eople who got the COVID 19 vaccine are less likely to be hospitalized or die s compared with those who have not been vaccinated,Valid
All three vaccines   Moderna fizer nd Johnson & Johnson  Janssen    have been very well studied and underwent full reviews by experts  The results were carefully reviewed nd the vaccines were scientifically proven to be very safe,Valid
An infection of a fully vaccinated person is referred to as a  vaccine breakthrough infection  ,Valid
And although extremely rare eople can have severe allergic reactions to ingredients used in a vaccine  That s why experts recommend people with a history of severe allergic reactions to the ingredients of the vaccine should not get the vaccination,Valid
Anyone can report events to VAERS ven if it is not clear whether a vaccine caused the problem  Because of this AERS data alone cannot determine if the reported adverse event was caused by a COVID 19 vaccination,Valid
Because none of the authorized COVID 19 vaccines in the United States contain the live virus that causes COVID 19 he vaccine cannot make you sick with COVID 19,Valid
China isolated and shared genetic information about COVID-19 promptly  so scientists could start working on vaccines.,Valid
Coronavirus Updates AIIMS panel gives nod for human clinical trials of indigenous vaccine candidate COVAXIN,Valid
Coronavirus vaccine  Russia s Sechenov University successfully completes  trials of world s first COVID 19,Valid
Coronavirus vaccine update  Good news about Oxford COVID 19 vaccine may be expected today ays a new report,Valid
Coronavirus vaccine update  Nod to human trial marks beginning of the end says govt,Valid
Countries must avoid `vaccine nationalism   world need rules based regime for fair distribution of Covid vaccine ay experts,Valid
COVID 19 vaccine  Serum Institute s Adar Poonawalla says India to have vaccine by December,Valid
COVID 19 vaccine current status  Here are the 10 top contenders for coronavirus vaccines,Valid
COVID 19 vaccine update  These 6 coronavirus vaccines are leading the race,Valid
COVID 19 vaccines are effective at preventing infection erious illness nd death,Valid
COVID 19 vaccines are safe,Valid
COVID 19 vaccines do not cause infertility,Valid
COVID 19 vaccines do not change or interact with your DNA in any way,Valid
COVID 19 vaccines do not contain microchips  Vaccines are developed to fight against disease and are not administered to track your movement,Valid
COVID 19 vaccines do not create or cause variants of the virus that causes COVID 19  Instead OVID 19 vaccines can help prevent new variants from emerging,Valid
COVID 19 vaccines protect everyone ages 5 years and older against severe illness ncluding disease caused by the Delta variant and other variants circulating in the United States,Valid
COVID 19 vaccines protect everyone ages 5 years and older from getting infected and severely ill nd significantly reduce the likelihood of hospitalization and death,Valid
COVID 19 vaccines will not give you coronavirus,Valid
Covid vaccine tracker  when will we have a coronavirus,Valid
Currently no evidence shows that any vaccines ncluding COVID 19 vaccines ause fertility problems  problems trying to get pregnant  in women or men,Valid
Even if you are fully vaccinated f you live in an area with a high COVID 19 Community Level ou   as well as your family and community   will be better protected if you wear a mask when you are in indoor public places,Valid
Even when fully vaccinated people develop symptoms hey tend to be less severe symptoms than in unvaccinated people  This means they are much less likely to be hospitalized or die than people who are not vaccinated,Valid
everyone ages 5 years and older should get vaccinated to protect themselves and those around them ncluding family members who are not able to be vaccinated from severe disease and death,Valid
Everyone will have a slightly different reaction  Chills atigue or body aches for a day or two are signs that your body is building its immune response to COVID 19,Valid
Evidence shows that a longer interval between COVID19 infection and when you get your booster dose gives a better antibody response to the vaccine.This applies to 3rd  4th  5th booster dose.,Valid
Expert group deliberates on strategy to ensure COVID 19 vaccine availability elivery mechanism,Valid
Expert group discusses Covid vaccine procurement,Valid
For parents across the U.S.  today is a day of relief. The FDA has authorized the first COVID 19 shots for kids under five.As early as next week  pending CDC recommendations  parents will be able to offer their youngest the protection of a COVID 19 vaccine.,Valid
Fully vaccinated people with a vaccine breakthrough infection are less likely to develop serious illness than those who are unvaccinated and get COVID 19,Valid
Getting a COVID 19 vaccination is a safer and more dependable way to build immunity to COVID 19 than getting sick with COVID 19,Valid
Govt panel on Covid 19 vaccine protocol discusses delivery mechanism,Valid
he company has an optional version of its product that contains a microchip within the syringe label that helps providers confirm a vaccine dose s origin  The chip itself is not injected into the person getting the vaccine,Valid
he risk of infection ospitalization nd death are all much lower in vaccinated compared to unvaccinated people,Valid
How to make COVID vaccine at home as the second most searched Google query last month,Valid
However t is possible that this swelling could cause a false reading on a mammogram  Some experts recommend getting your mammogram before being vaccinated or waiting four to six weeks after getting your vaccine,Valid
However ymptoms in vaccinated people are much more minor than those who are unvaccinated,Valid
if there are more COVID 19 infections there will be more vaccine breakthrough infections,Valid
If you have already had COVID 19 here s evidence that you can still benefit from the vaccine  At this time xperts don t know how long someone is protected from getting sick again after recovering from COVID 19,Valid
If you still need a spring booster Covid vaccination please get it done now.  You re eligible if you are: aged 75 and over   OR living in a care home for older people OR aged 12 and over with a weakened immune system,Valid
In a study of more than 1 200 middle aged and older adults who d already had three vaccine doses  Pfizer said both booster approaches spurred a substantial jump in omicron fighting antibodies,Valid
In addition to the Indian animal covid vaccine  Russia the US produced one. This will save animal and human lives. ,Valid
In this case t s telling your body to make the spike protein that s on the novel coronavirus  As a result our immune system remembers the protein and is ready to attack and eliminate the real SARS CoV 2 virus,Valid
India s first Covid 19 vaccine races to meet mid August target,Valid
Is coronavirus weakening hen will vaccine for coronavirus come in India netizens ask Google,Valid
It is not lost on Americans  that the same Pentagon that summarily discharged service members for failing to comply with a Covid 19 vaccine mandate has announced it will ignore state laws and suddenly respect the bodily autonomy of female ,Valid
Julian Scholefield was paralyzed from the waist down in July 2021  12 days after his second Pfizer COVID 19 vaccine. Nearly a year later  he s still waiting for the government to respond to his request for compensation.,Valid
Largest human trial of Indias coronavirus vaccine to begin at Delhi AIIMS from Monday,Valid
Many pregnant women have received COVID vaccination without any problems,Valid
Masking andwashing and physical distancing remain necessary in public until a sufficient number of people are immune  Fully vaccinated people can meet with other fully vaccinated people without wearing masks,Valid
Modi is boasting about the Indian Covid 19 vaccine in front of Indians in Germany. While 66percent  of Indians are vaccinated  in Germany  the vaccination rate is 76percent . Forget thousands of dead bodies floating in Indian rivers. Still  the upper caste diaspora is clapping.,Valid
Most people who get COVID 19 are unvaccinated,Valid
mRNA vaccines uch as Pfizer BioNTech and Moderna ork differently than other types of vaccines ut they still trigger an immune response inside your body,Valid
My doctor friend says  I ve watched many die from Covid  none from the vaccine That s like your mechanic saying I ve not seen anyone die from an insect hitting the windscreen of a Mercedes.,Valid
Nearly all the ingredients in COVID 19 vaccines are also ingredients in many foods   fats ugars nd salts,Valid
None of the authorized and recommended COVID 19 vaccines can cause you to test positive on viral tests hich are used to see if you have a current infection,Valid
OFFICIAL SIDE EFFECTS. THEY RE NOT RARE. May affect up to 1 in 1 000 people.temporary one sided facial drooping.May affect up to 1 in 10 000 people myocarditis or pericarditis  chest pain  breathlessness  palpitations,Valid
Omicron variant symptoms are the same as the original COVID 19 virus,Valid
Once the vaccine is widely available t s recommended that as many eligible adults as possible get the vaccine  It s not only to protect you but your family and community as well,Valid
Over 22 million children and teens age 5 17 are fully vaccinated against COVID 19  and now children age 5 and under are eligible for the COVID19 vaccine. ,Valid
Oxford COVID vaccine likely to hit Indian market by early 2021  Serum Institute s CEO Poonawalla,Valid
Parents who have waited patiently to vaccinate their young children against COVID 19 are now able to do so after vaccines for kids under 5 were authorized last weekend. ,Valid
People need every bit of protection they can get as the omicron variant sweeps across the country and drives infections to record highs,Valid
People who are immunocompromised may not always build adequate levels of protection after an initial 2 dose primary mRNA COVID 19 vaccine series,Valid
People who get vaccine breakthrough infections can be contagious,Valid
People who have received a COVID 19 vaccine can have swelling in the lymph nodes  lymphadenopathy  in the underarm near where they got the shot  This swelling is a normal sign that your body is building protection against COVID 19,Valid
Pfizer announced yesterday that tweaking its COVID 19 vaccine to better target the Omicron variant is safe and works  just days before regulators debate whether to offer Americans updated booster shots this fall.,Valid
Pregnant women are at an increased risk for COVID complications  We believe that the risks of COVID infection far outweigh the risks of receiving the vaccine,Valid
Receiving a COVID 19 vaccine will not make you magnetic ncluding at the site of vaccination which is usually your arm,Valid
Regardless of your risk ou can still contract the infection and spread it to others o it s important you get vaccinated,Valid
Research has shown there is no reason to believe being a certain blood type will lead to increased severity of COVID 19  By?hoosing to get vaccinated ou are protecting not only yourself and your family?ut your community as well,Valid
Researchers have shown that clinical trial results for Russia s Sputnik V covid 19 vaccine contain some numbers which are extremely unlikely to occur. The Gamaleya Institute  the developer of the vaccine  disputes these findings.,Valid
Russia becomes first country to approve a COVID19 vaccine says Vladimir Putin,Valid
Russia claims phase 3 trials of COVID vaccine to take place in India as well  Health Ministry denies knowledge,Valid
Russia names first COVID 19 vaccine putnik V n reference to space race,Valid
Should I get the COVID 19 vaccine if I am pregnant or breastfeeding?Yes. Based on data on the safety of COVID 19 vaccines during pregnancy  CDC recommends the vaccination for all people who are pregnant  breastfeeding  or trying to get pregnant now or in the future,Valid
Since there is no live virus in the vaccines he vaccines will not affect your test result  It is possible to get infected with the virus before the vaccine has had time to fully protect your body,Valid
since vaccines are not 100% effective at preventing infection ome people who are fully vaccinated will still get COVID 19,Valid
Some inflammation or soreness at the injection site s well as minor side effects after getting a COVID 19 vaccine is normal,Valid
Some participants in the vaccine clinical trials did report side effects similar to those experienced with other vaccines ncluding muscle pain hills and headache,Valid
some people who are fully vaccinated will get COVID 19,Valid
studies so far indicate that the vaccines used in the United States work well against the Delta variant articularly in preventing severe disease and hospitalization,Valid
Take a look at this episode until the end to be updated and to learn more about the "ovid 19 Vaccine Approved for Kids.,Valid
The Centers for Disease Control and Prevention  CDC  he American College of Obstetricians and Gynecologists  ACOG  and the Society for Maternal Fetal Medicine  SMFM  agree that the COVID 19 vaccines should be offered to pregnant women who are eligible for vaccination,Valid
The clinical trials and safety reviews actually took about the same amount of time as other vaccines  The clinical trials and safety reviews actually took about the same amount of time as other vaccines,Valid
The COVID 19 vaccine is safe for anyone ages 6 months &amp; older.  The vaccine is approved by the U.S. Food and Drug Administration and the U.S. Centers for Disease Control. ,Valid
The COVID 19 Vaccine was one of mankind greatest accomplishments. It saved a World Wars equivalent of lives,Valid
The COVID 19 Vaccine was one of mankind s greatest accomplishments. It saved a World War s equivalent of lives.,Valid
The COVID vaccines are safe for breastfeeding women  Research so far suggests that there may be some immunity provided to babies through breast milk ut this is not proven as of yet,Valid
The COVID vaccines likely averted 19.8m deaths worldwide in 2021  according to new modeling published. For many of us  people we know are alive today because of the vaccine. Truly one of the greatest triumphs of science over disease ever.,Valid
The Delta variant is more contagious than previous variants of the virus that causes COVID 19,Valid
The first vaccines in use contain messenger RNA  mRNA  hich instructs cells to make the  spike protein  found on the new coronavirus,Valid
The immunity someone gains from having an infection alled natural immunity aries from person to person  Some early evidence suggests natural immunity may not last very long,Valid
The mRNA never enters the nucleus of the cell hich is where our DNA  genetic material  is kept  The body gets rid of the mRNA soon after it s finished using the instructions,Valid
The mRNA technology behind the new coronavirus vaccines has been in development for almost two decades. Vaccine makers created the technology to help them respond quickly to a new pandemic illness  such as COVID-19.,Valid
The Pfizer and Moderna COVID-19 vaccines can have side effects  but the vast majority are very short term  not serious or dangerous,Valid
The Pfizer and Moderna vaccines use messenger ribonucleic acid  mRNA  hich carry instructions to your body about how to build a protein,Valid
The single dose Johnson & Johnson vaccine is a DNA vaccine  It delivers the same product in the end as the mRNA vaccine produced by Pfizer and Moderna,Valid
The vaccine developers didn? skip any testing steps  but conducted some of the steps on an overlapping schedule to gather data faste,Valid
The vaccines are proven safe?nd effective  Although they were developed in record time hey have gone through the same rigorous Food and Drug Administration process as other vaccines eeting all safety standards  No steps were skipped,Valid
There are no reports of any impact on fertility  You can read the 50 plus page briefings from VRBPAC to the FDA,Valid
There is no evidence that the COVID 19 vaccines affect anyone s fertility or cause infertility  Furthermore here is no scientific theory for how the COVID 19 vaccines could cause fertility problems,Valid
There is no evidence to suggest that getting the vaccine heightens your risk to become sick from another infection such as the flu,Valid
there s an amino acid sequence shared between the spike protein and a placental protein  however xperts say it s too short to trigger an immune response and therefore doesn t affect fertility,Valid
There s no evidence that COVID 19 vaccines have any effect on fertility  The Vaccines and Related Biological Products Advisory Committee  VRPAC  briefing for both Pfizer and Moderna detail the findings from the clinical trials about effectiveness afety and side effects,Valid
There s no way to get COVID 19 from the vaccine  None of the FDA authorized vaccines development in the U S  use a live virus,Valid
This new DNA vaccine allows the body to have an immune response against the spike protein nd ultimately n immune response to infection,Valid
Vaccination specially getting your booster dose when eligible emains your best protection against hospitalization equiring ICU level care or a ventilator r death from COVID 19  ,Valid
Vaccine breakthrough infections are expected  COVID 19 vaccines are effective at preventing most infections  However ike other vaccines hey are not 100% effective,Valid
Vaccine shedding is the release or discharge of any of the vaccine components in or outside of the body and can only occur when a vaccine contains a live weakened version of the virus,Valid
vaccines offer protection against severe disease ospitalization nd death against currently circulating variants in the United States,Valid
Viral tests used to diagnose COVID 19 check samples from the respiratory system for the presence of the virus that causes COVID 19,Valid
We announced positive data on the safety  tolerability   immunogenicity of 2 Omicron adapted vaccine candidates  monobivalent . Preliminary lab studies showed both candidates neutralizing Omicron BA.4 and BA.5 though to a lesser extent than for BA.1,Valid
We are campaigning for the government to create a bespoke Covid 19 compensation scheme to ensure those adversely affected by the vaccine are appropriately compensated  emotionally and medically supported through the life changes and grief this caused.,Valid
we can thank the unprecedented worldwide collaboration and investment for the shorter timeframe on the development of the vaccines,Valid
We do not believe there is any physiologic reason why the vaccine itself would affect a woman s menstrual cycle,Valid
When the immune system recognizes this protein t builds an immune response by creating antibodies   teaching the body how to protect against future infection,Valid
While many women have noted changes in their menstrual cycle after receiving the COVID vaccine here is no evidence that the COVID 19 vaccine has any direct effect on menstruation,Valid
With COVID 19 he natural immune response after a mild case appears to be short lived and is much shorter than what s expected from the COVID 19 vaccine  If we were to wait until we reach natural immunity ociety would be shut down much longer,Valid
You cannot get COVID 19 from the vaccine because it doesn t contain the live virus,Valid
You cannot test positive because of the COVID 19 vaccine,Valid
Your menstrual cycle cannot be affected by being near someone who received a COVID 19 vaccine,Valid
Vaccine helps in preventing from getting Covid 19,Valid
Vaccine reduce the percentage of getting covid 19,Valid
